[
  {
    "Codigo": "0001",
    "Nombre": "Pliego Cartulina Blanca",
    "Descripcion": "",
    "Precio": 3000,
    "Cantidad": 10
  },
  {
    "Codigo": "0002",
    "Nombre": "Lapiz Mirado 2",
    "Descripcion": "",
    "Precio": 1000,
    "Cantidad": 1
  },
  {
    "Codigo": "0003",
    "Nombre": "Borrador",
    "Descripcion": "",
    "Precio": 500,
    "Cantidad": 5
  },
  {
    "Codigo": "0004",
    "Nombre": "Cuaderno grande",
    "Descripcion": "",
    "Precio": 4000,
    "Cantidad": 1
  }
]